{
  "$schema": "http://json-schema.org/draft-07/schema#",
  "title": "Order",
  "description": "Represents an order in the system.",
  "type": "object",
  "properties": {
    "order_id": {
      "type": "string",
      "format": "uuid",
      "description": "Globally unique identifier for the order."
    },
    "user_id": {
      "type": "string",
      "format": "uuid",
      "description": "Globally unique identifier for the user."
    },
    "business_id": {
      "type": "string",
      "format": "uuid",
      "description": "Globally unique identifier for the business."
    },
    "order_date": {
      "type": "string",
      "format": "date-time",
      "description": "Date and time when the order was placed."
    },
    "order_total": {
      "type": "number",
      "description": "Total amount of the order."
    },
    "shipping_address": {
      "type": "string",
      "description": "Shipping address for the order."
    },
    "billing_address": {
      "type": "string",
      "description": "Billing address for the order."
    },
    "payment_method": {
      "type": "string",
      "description": "Payment method used for the order."
    },
    "items": {
      "type": "object",
      "description": "Items in the order."
    },
    "status": {
      "type": "string",
      "description": "Current status of the order."
    },
    "tracking_number": {
      "type": "string",
      "description": "Tracking number for the order."
    },
    "shipping_carrier": {
      "type": "string",
      "description": "Shipping carrier for the order."
    },
    "discounts": {
      "type": "object",
      "description": "Discounts applied to the order."
    },
    "tax_information": {
      "type": "object",
      "description": "Tax information for the order."
    },
    "order_notes": {
      "type": "string",
      "description": "Notes for the order."
    },
    "returns_refunds": {
      "type": "object",
      "description": "Returns and refunds information."
    },
    "fulfillment_details": {
      "type": "object",
      "description": "Fulfillment details for the order."
    },
    "customer_rating": {
      "type": "integer",
      "description": "Customer rating for the order."
    },
    "customer_review": {
      "type": "string",
      "description": "Customer review for the order."
    },
    "survey_url": {
      "type": "string",
      "description": "URL for the customer survey."
    },
    "agent_id": {
      "type": ["string", "null"],
      "format": "uuid",
      "description": "Globally unique identifier for the agent."
    },
    "cancellation_reason": {
      "type": "string",
      "description": "Reason for order cancellation."
    },
    "fraud_score": {
      "type": "number",
      "description": "Fraud score for the order."
    },
    "gift_options": {
      "type": "object",
      "description": "Gift options for the order."
    }
  },
  "required": [
    "order_id",
    "user_id",
    "business_id"
  ],
  "additionalProperties": false
}