{
  "$schema": "http://json-schema.org/draft-07/schema#",
  "type": "object",
  "properties": {
    "business_id": { "type": "string", "format": "uuid" },
    "api_key": { "type": "string" },
    "internal_api_key": { "type": "string" },
    "owner_id": { "type": "string", "format": "uuid" },
    "business_name": { "type": "string" },
    "business_description": { "type": "string" },
    "address": { "type": "string" },
    "phone_number": { "type": "string" },
    "website": { "type": "string", "format": "uri" },
    "first_stage_id": { "type": "string", "format": "uuid" },
    "facebook_page_id": { "type": "string" },
    "business_information": { "type": "string" },
    "created_at": { "type": "string", "format": "date-time" },
    "updated_at": { "type": "string", "format": "date-time" },
    "agent_list": {
      "type": "array",
      "items": { "type": "string", "format": "uuid" }
    },
    "products": {
      "type": "array",
      "items": { "type": "string", "format": "uuid" }
    },
    "services": {
      "type": "array",
      "items": { "type": "string" }
    }
  },
  "required": [
    "business_id",
    "api_key",
    "owner_id",
    "business_name"
  ],
  "additionalProperties": false
}