{
  "$schema": "http://json-schema.org/draft-07/schema#",
  "title": "Event",
  "description": "Represents an event in the system.",
  "type": "object",
  "properties": {
    "event_id": {
      "type": "string",
      "format": "uuid",
      "description": "Globally unique identifier for the event."
    },
    "user_id": {
      "type": "string",
      "format": "uuid",
      "description": "Globally unique identifier for the user."
    },
    "business_id": {
      "type": "string",
      "format": "uuid",
      "description": "Globally unique identifier for the business."
    },
    "session_id": {
      "type": "string",
      "description": "Session identifier for the event."
    },
    "event_type": {
      "type": "string",
      "description": "Type of the event."
    },
    "event_timestamp": {
      "type": "string",
      "format": "date-time",
      "description": "Timestamp when the event occurred."
    },
    "agent_id": {
      "type": ["string", "null"],
      "format": "uuid",
      "description": "Globally unique identifier for the agent."
    },
    "stage_id": {
      "type": ["string", "null"],
      "format": "uuid",
      "description": "Globally unique identifier for the stage."
    },
    "product_id": {
      "type": ["string", "null"],
      "format": "uuid",
      "description": "Globally unique identifier for the product."
    },
    "order_id": {
      "type": ["string", "null"],
      "format": "uuid",
      "description": "Globally unique identifier for the order."
    },
    "message_text": {
      "type": "string",
      "description": "Text content of the event."
    },
    "response_time": {
      "type": "number",
      "description": "Response time for the event."
    },
    "llm_cost": {
      "type": "number",
      "description": "Cost of LLM usage for the event."
    },
    "satisfaction_score": {
      "type": "integer",
      "description": "Satisfaction score for the event."
    },
    "sentiment_score": {
      "type": "number",
      "description": "Sentiment score for the event."
    },
    "intent_confidence": {
      "type": "number",
      "description": "Confidence score for intent detection."
    },
    "turn_count": {
      "type": "integer",
      "description": "Number of turns in the conversation."
    },
    "custom_event_properties": {
      "type": "object",
      "description": "Custom properties for the event."
    },
    "goal_achieved": {
      "type": "boolean",
      "description": "Whether the goal was achieved."
    },
    "longitude": {
      "type": "string",
      "description": "Longitude coordinate."
    },
    "latitude": {
      "type": "string",
      "description": "Latitude coordinate."
    },
    "error_tracking": {
      "type": "object",
      "description": "Error tracking information."
    },
    "ab_testing_results": {
      "type": "object",
      "description": "A/B testing results."
    },
    "schema_name": {
      "type": "string",
      "description": "Name of the schema."
    }
  },
  "required": [
    "event_id",
    "user_id",
    "business_id",
    "session_id",
    "event_type",
    "event_timestamp"
  ],
  "additionalProperties": false
}