{
  "$schema": "http://json-schema.org/draft-07/schema#",
  "title": "Extracted Data",
  "description": "Represents extracted data from a conversation.",
  "type": "object",
  "properties": {
    "extraction_id": {
      "type": "string",
      "format": "uuid",
      "description": "Globally unique identifier for the extraction."
    },
    "conversation_id": {
      "type": "string",
      "format": "uuid",
      "description": "Globally unique identifier for the conversation."
    },
    "stage_id": {
      "type": "string",
      "format": "uuid",
      "description": "Globally unique identifier for the stage."
    },
    "data_type": {
      "type": "string",
      "maxLength": 50,
      "description": "Type of the extracted data."
    },
    "extracted_data": {
      "type": "object",
      "description": "The extracted data."
    },
    "created_at": {
      "type": "string",
      "format": "date-time",
      "description": "Timestamp when the data was extracted."
    }
  },
  "required": [
    "extraction_id",
    "conversation_id",
    "stage_id",
    "data_type",
    "extracted_data",
    "created_at"
  ],
  "additionalProperties": false
} 