{
  "$schema": "http://json-schema.org/draft-07/schema#",
  "title": "Product",
  "description": "Represents a product in the system.",
  "type": "object",
  "properties": {
    "product_id": {
      "type": "string",
      "format": "uuid",
      "description": "Globally unique identifier for the product."
    },
    "business_id": {
      "type": "string",
      "format": "uuid",
      "description": "Globally unique identifier for the business."
    },
    "product_name": {
      "type": "string",
      "description": "Name of the product."
    },
    "description": {
      "type": "string",
      "description": "Description of the product."
    },
    "price": {
      "type": "number",
      "description": "Price of the product."
    },
    "created_at": {
      "type": "string",
      "format": "date-time",
      "description": "Timestamp when the product was created."
    }
  },
  "required": [
    "product_id",
    "business_id",
    "product_name",
    "created_at"
  ],
  "additionalProperties": false
}