{
  "$schema": "http://json-schema.org/draft-07/schema#",
  "title": "Stage",
  "description": "Represents a stage in a conversation flow.",
  "type": "object",
  "properties": {
    "stage_id": {
      "type": "string",
      "format": "uuid",
      "description": "Globally unique identifier for the stage."
    },
    "business_id": {
      "type": "string",
      "format": "uuid",
      "description": "Globally unique identifier for the business."
    },
    "agent_id": {
      "type": ["string", "null"],
      "format": "uuid",
      "description": "Globally unique identifier for the agent. Null if applicable to all agents."
    },
    "stage_name": {
      "type": "string",
      "description": "Human-readable name for the stage."
    },
    "stage_description": {
      "type": "string",
      "description": "Detailed description of the stage's purpose."
    },
    "stage_type": {
      "type": "string",
      "maxLength": 50,
      "description": "Category of the stage (e.g., information, transactional, support)."
    },
    "stage_selection_template_id": {
      "type": "string",
      "format": "uuid",
      "description": "Template ID for the stage selection prompt."
    },
    "data_extraction_template_id": {
      "type": "string",
      "format": "uuid",
      "description": "Template ID for the data extraction prompt."
    },
    "response_generation_template_id": {
      "type": "string",
      "format": "uuid",
      "description": "Template ID for the response generation prompt."
    },
    "is_active": {
      "type": "boolean",
      "description": "Whether the stage is currently active.",
      "default": true
    },
    "created_at": {
      "type": "string",
      "format": "date-time",
      "description": "Timestamp when the stage was created."
    },
    "updated_at": {
      "type": "string",
      "format": "date-time",
      "description": "Timestamp when the stage was last updated."
    }
  },
  "required": [
    "stage_id",
    "business_id",
    "stage_name"
  ],
  "additionalProperties": false
}