{
  "$schema": "http://json-schema.org/draft-07/schema#",
  "title": "Template Variable",
  "description": "Represents a variable that can be used in templates.",
  "type": "object",
  "properties": {
    "variable_id": {
      "type": "string",
      "format": "uuid",
      "description": "Globally unique identifier for the variable."
    },
    "variable_name": {
      "type": "string",
      "maxLength": 255,
      "description": "Name of the variable."
    },
    "description": {
      "type": "string",
      "description": "Description of the variable."
    },
    "default_value": {
      "type": "string",
      "description": "Default value for the variable."
    },
    "example_value": {
      "type": "string",
      "description": "Example value for the variable."
    },
    "category": {
      "type": "string",
      "maxLength": 50,
      "description": "Category of the variable."
    },
    "is_dynamic": {
      "type": "boolean",
      "description": "Whether the variable is dynamic.",
      "default": true
    },
    "created_at": {
      "type": "string",
      "format": "date-time",
      "description": "Timestamp when the variable was created."
    },
    "updated_at": {
      "type": "string",
      "format": "date-time",
      "description": "Timestamp when the variable was last updated."
    }
  },
  "required": [
    "variable_id",
    "variable_name",
    "description",
    "category"
  ],
  "additionalProperties": false
} 