{
  "$schema": "http://json-schema.org/draft-07/schema#",
  "title": "Business Creation",
  "type": "object",
  "properties": {
    "owner_id": {"type": "string", "format": "uuid"},
    "api_key": {"type": "string"},
    "business_information": {
      "type": "object",
      "properties": {
        "business_name": {"type": "string"},
        "business_description": {"type": "string"},
        "address": {"type": "string"},
        "phone_number": {"type": "string"},
        "website": {"type": "string", "format": "uri"}
      },
      "required": ["business_name"],
      "additionalProperties": true
    }
  },
  "required": ["owner_id", "business_information"],
  "additionalProperties": false
}
