{
  "$schema": "http://json-schema.org/draft-07/schema#",
  "type": "object",
  "properties": {
    "business_id": { "type": "string", "format": "uuid" },
    "api_key": { "type": "string" },
    "created_at": { "type": "string", "format": "date-time" },
    "owner_id": { "type": "string", "format": "uuid" },
    "business_information": {
      "type": "object",
      "properties": {
        "business_name": { "type": "string" },
        "business_description": { "type": "string" },
        "address": { "type": "string" },
        "phone_number": { "type": "string" },
        "website": { "type": "string", "format": "uri" }
      },
      "required": [
        "business_name"
      ],
      "additionalProperties": true
    },
    "agent_list": {
      "type": "array",
      "items": { "type": "string", "format": "uuid" }
    },
    "products": {
      "type": "array",
      "items": { "type": "string", "format": "uuid" }
    },
    "services": {
      "type": "array",
      "items": { "type": "string" }
    }
  },
  "required": [
    "business_id",
    "api_key",
    "owner_id",
    "business_information"
  ],
  "additionalProperties": false
}